,userID,date,CaloriesToday,wakeUpTime
0,P0701,2019-01-25,1381,10:16:11.039000
1,P0701,2019-01-26,1772,10:14:09.515000
2,P0701,2019-01-27,1618,09:01:22.629000
3,P0701,2019-01-28,1771,16:14:38.454000
4,P0701,2019-01-29,1560,12:30:47.151000
5,P0701,2019-01-30,1698,10:12:41.202000
6,P0701,2019-01-31,1326,09:49:48.065000
7,P0701,2019-02-01,1456,10:27:49.317000
8,P0701,2019-02-02,1375,10:15:38.362000
9,P0701,2019-02-03,1380,09:25:48.039000
10,P0701,2019-02-04,1599,12:44:07.900000
11,P0701,2019-02-05,1319,12:51:08.262000
12,P0701,2019-02-06,1418,08:12:16.509000
13,P0701,2019-02-07,1491,10:39:12.991000
14,P0701,2019-02-08,1492,09:05:32.123000
15,P0701,2019-02-09,1270,08:00:53.944000
16,P0701,2019-02-10,1148,08:10:56.180000
17,P0701,2019-02-11,1133,07:39:50.933000
18,P0701,2019-02-12,907,08:51:46.696000
19,P0701,2019-02-13,474,09:47:45.070000
20,P0701,2019-02-14,1808,11:52:14.044000
21,P0701,2019-02-15,1950,09:15:22.396000
22,P0701,2019-02-16,1951,07:46:38.194000
23,P0701,2019-02-17,1639,07:53:11.130000
24,P0701,2019-02-18,1698,06:13:34.683000
25,P0701,2019-02-19,1650,09:37:34.031000
26,P0701,2019-02-20,1520,07:50:13.192000
27,P0701,2019-02-21,1693,08:00:18.435000
28,P0701,2019-02-22,1703,09:13:14.731000
29,P0701,2019-02-23,1730,09:00:51.535000
30,P0701,2019-02-24,1853,08:21:56.701000
31,P0701,2019-02-25,1714,09:41:21.434000
32,P0701,2019-02-26,1779,12:10:23.068000
33,P0701,2019-02-27,1235,07:45:45.849000
34,P0701,2019-02-28,1871,09:29:26.392000
35,P0701,2019-03-01,1932,09:01:19.356000
36,P0701,2019-03-02,1933,08:23:36.119000
37,P0701,2019-03-03,1975,10:04:00.667000
38,P0701,2019-03-04,1976,14:29:55.671000
39,P0701,2019-03-05,1277,09:49:24.797000
40,P0701,2019-03-06,1458,11:25:54.957000
41,P0701,2019-03-07,1513,10:25:32.952000
42,P0701,2019-03-08,1702,11:45:33.792000
43,P0701,2019-03-09,1704,08:24:47.091000
44,P0701,2019-03-10,1241,11:36:40.296000
45,P0701,2019-03-11,1626,13:05:16.488000
46,P0701,2019-03-12,1626,14:31:58.013000
47,P0701,2019-03-13,1129,10:14:59.931000
48,P0701,2019-03-14,1234,11:47:33.730000
49,P0701,2019-03-15,1303,12:57:10.191000
50,P0701,2019-03-16,1749,13:35:34.613000
51,P0701,2019-03-17,1911,16:48:56.320000
52,P0701,2019-03-18,1976,10:23:35.315000
53,P0701,2019-03-19,1244,11:49:02.536000
54,P0701,2019-03-20,1468,09:00:06.317000
55,P0701,2019-03-21,1764,11:15:15.828000
56,P0701,2019-03-22,1766,11:53:48.907000
57,P0701,2019-03-23,1763,11:58:05.492000
58,P0701,2019-03-24,1871,12:49:35.643000
59,P0701,2019-03-25,1872,08:46:40.710000
60,P0701,2019-03-26,1759,14:12:58.485000
61,P0701,2019-03-27,1845,10:36:06.514000
62,P0701,2019-03-28,1795,08:32:16.977000
63,P0701,2019-03-29,1837,08:41:14.882000
64,P0701,2019-03-30,1887,09:36:57.710000
65,P0701,2019-03-31,1906,10:54:38.404000
66,P0701,2019-04-01,1907,08:42:25.638000
67,P0701,2019-04-02,1831,08:42:57.940000
68,P0701,2019-04-03,1665,10:39:01.817000
69,P0701,2019-04-04,1722,07:39:28.861000
70,P0701,2019-04-05,1487,08:36:42.986000
71,P0701,2019-04-06,1887,10:23:50.502000
72,P0701,2019-04-07,1692,11:44:11.961000
73,P0701,2019-04-08,1508,09:49:40.790000
74,P0701,2019-04-09,1838,11:33:43.042000
75,P0701,2019-04-10,2202,09:01:25.133000
76,P0701,2019-04-11,2203,10:20:01.461000
77,P0701,2019-04-12,1354,08:13:30.956000
78,P0701,2019-04-13,1764,09:47:20.635000
79,P0701,2019-04-14,2018,09:57:54.723000
80,P0701,2019-04-15,2019,08:50:06.440000
81,P0701,2019-04-16,1709,08:30:31.623000
82,P0701,2019-04-17,1408,09:56:28.229000
83,P0701,2019-04-18,1258,08:56:37.209000
84,P0701,2019-04-19,1523,07:31:11.677000
85,P0701,2019-04-20,1204,08:04:33.652000
86,P0701,2019-04-21,1343,16:19:35.637000
87,P0701,2019-04-22,1517,07:47:58.685000
88,P0701,2019-04-23,1384,08:32:59.324000
89,P0701,2019-04-24,1796,09:00:20.471000
90,P0701,2019-04-25,1803,07:55:39.681000
91,P0701,2019-04-26,2026,12:06:46.335000
92,P0701,2019-04-27,2026,06:02:04.009000
93,P0701,2019-04-28,1897,13:05:12.542000
94,P0701,2019-04-29,1750,09:53:23.098000
95,P0701,2019-04-30,1927,10:57:56.083000
96,P0701,2019-05-01,2011,09:21:09.482000
97,P0701,2019-05-02,2012,07:42:07.194000
98,P0701,2019-05-03,1698,11:30:26.217000
99,P0701,2019-05-04,2009,07:51:49.750000
100,P0701,2019-05-05,2011,11:47:23.537000
101,P0701,2019-05-06,1904,06:15:42.913000
102,P0701,2019-05-07,2009,07:51:08.082000
103,P0701,2019-05-08,2123,09:00:15.072000
104,P0701,2019-05-09,2146,06:31:01.620000
105,P0701,2019-05-10,2387,08:49:16.480000
106,P0701,2019-05-11,2391,10:18:56.108000
107,P0701,2019-05-12,2176,12:01:28.837000
108,P0701,2019-05-13,2045,06:00:44.437000
109,P0701,2019-05-14,1963,08:16:34.988000
